"relative biomass within ME","scenario"
1,"2015"
0.436138069166208,"+0.5C full dispersal"
0.415271517144367,"+0.5C no dispersal"
0.272322863463913,"+1C full dispersal"
0.255787579018614,"+1C no dispersal"
0.203829700890087,"+2C full dispersal"
0.174120584866282,"+2C no dispersal"
