"relative catch per tow within ME","scenario"
1,"2015"
0.427623812183412,"+0.5C full dispersal"
0.407875217151809,"+0.5C no dispersal"
0.262460677493572,"+1C full dispersal"
0.246729967703757,"+1C no dispersal"
0.195107719879723,"+2C full dispersal"
0.16666428816495,"+2C no dispersal"
